[{"key": "prusaslicerthumbnails", "name": "Slicer Thumbnails", "url": "https://github.com/jneilliii/OctoPrint-PrusaSlicerThumbnails"}, {"key": "PrintJobHistory", "name": "PrintJobHistory", "url": "https://github.com/OllisGit/OctoPrint-PrintJobHistory"}, {"key": "preheat", "name": "Preheat Button", "url": "https://github.com/marian42/octoprint-preheat"}, {"key": "UltimakerFormatPackage", "name": "Cura Thumbnails", "url": "https://github.com/jneilliii/OctoPrint-UltimakerFormatPackage"}, {"key": "taborder", "name": "Tab Order", "url": "https://github.com/jneilliii/OctoPrint-TabOrder"}, {"key": "SpoolManager", "name": "SpoolManager Plugin", "url": "https://github.com/OllisGit/OctoPrint-SpoolManager"}, {"key": "simpleemergencystop", "name": "Simple Emergency Stop", "url": "https://github.com/Sebclem/OctoPrint-SimpleEmergencyStop"}, {"key": "resource_monitor", "name": "Resource Monitor", "url": "https://github.com/Renaud11232/OctoPrint-Resource-Monitor"}, {"key": "PrintTimeGenius", "name": "PrintTimeGenius Plugin", "url": "https://github.com/eyal0/OctoPrint-PrintTimeGenius"}, {"key": "printoid", "name": "Printoid Plugin", "url": "https://github.com/anthonyst91/OctoPrint-Printoid"}, {"key": "navbartemp", "name": "Navbar Temperature Plugin", "url": "https://github.com/imrahil/OctoPrint-NavbarTemp"}, {"key": "fullscreen", "name": "Fullscreen Plugin", "url": "https://github.com/BillyBlaze/OctoPrint-FullScreen"}, {"key": "dashboard", "name": "Dashboard", "url": "https://github.com/j7126/OctoPrint-Dashboard"}, {"key": "costestimation", "name": "Cost Estimation", "url": "https://github.com/OllisGit/OctoPrint-CostEstimation"}, {"key": "camerasettings", "name": "Camera Settings", "url": "https://github.com/The-EG/OctoPrint-CameraSettings"}, {"key": "bedlevelvisualizer", "name": "Bed Visualizer", "url": "https://github.com/jneilliii/OctoPrint-BedLevelVisualizer"}, {"key": "CR10_Leveling", "name": "Bed Leveling Plugin", "url": "https://github.com/lsellens/OctoPrint-Cr10_leveling"}, {"key": "detailedprogress", "name": "Detailed Progress", "url": "https://github.com/tpmullan/OctoPrint-DetailedProgress"}, {"key": "DisplayLayerProgress", "name": "DisplayLayerProgress Plugin", "url": "https://github.com/OllisGit/OctoPrint-DisplayLayerProgress"}]